Type,Name,Request Count,Failure Count,Median Response Time,Average Response Time,Min Response Time,Max Response Time,Average Content Size,Requests/s,Failures/s,50%,66%,75%,80%,90%,95%,98%,99%,99.9%,99.99%,100%
POST,long-rag,3,0,39000,36148.930533333136,18439.770499999213,50694.818699999814,1372.3333333333333,0.051235940836672114,0.0,39000,39000,51000,51000,51000,51000,51000,51000,51000,51000,51000
POST,short,15,0,27000,28765.451859999786,3854.6752000002016,50456.18169999943,971.3333333333334,0.25617970418336056,0.0,27000,38000,44000,49000,50000,50000,50000,50000,50000,50000,50000
,Aggregated,18,0,27000,29996.031638888682,3854.6752000002016,50694.818699999814,1038.1666666666667,0.30741564502003266,0.0,28000,38000,44000,49000,50000,51000,51000,51000,51000,51000,51000
