Type,Name,Request Count,Failure Count,Median Response Time,Average Response Time,Min Response Time,Max Response Time,Average Content Size,Requests/s,Failures/s,50%,66%,75%,80%,90%,95%,98%,99%,99.9%,99.99%,100%
POST,long-rag,2,0,20000,33576.79189999908,19730.743699999948,47422.84009999821,1154.5,0.03606156220295861,0.0,47000,47000,47000,47000,47000,47000,47000,47000,47000,47000,47000
POST,short,11,0,24000,24504.346381818155,6561.681000001045,41201.72879999882,987.7272727272727,0.19833859211627233,0.0,24000,28000,31000,31000,32000,41000,41000,41000,41000,41000,41000
,Aggregated,13,0,24000,25900.10723076907,6561.681000001045,47422.84009999821,1013.3846153846154,0.23440015431923095,0.0,24000,28000,31000,32000,41000,47000,47000,47000,47000,47000,47000
